,mean,min,max,std,Median
Age,24.312599908574136,14.0,61.0,6.345968273732234,22.77789
Height,1.7016773533870204,1.45,1.98,0.09330481986792007,1.700499
Weight,86.58605812648035,39.0,173.0,26.1911717452047,83.0
FCVC,2.4190430615821885,1.0,3.0,0.5339265785033002,2.385502
NCP,2.6856280497394596,1.0,4.0,0.7780386488418612,3.0
CH2O,2.0080114040738986,1.0,3.0,0.6129534517968722,2.0
FAF,1.0102976958787304,0.0,3.0,0.850592430836698,1.0
TUE,0.657865923732828,0.0,2.0,0.6089272596763782,0.62535
