Kategori Obesitas,Jumlah Kasus (Frekuensi),Persentase (%)
Obesity_Type_I,351,16.627190904784463
Obesity_Type_III,324,15.348176219801044
Obesity_Type_II,297,14.069161534817622
Overweight_Level_I,290,13.737565135007104
Overweight_Level_II,290,13.737565135007104
Normal_Weight,287,13.59545239223117
Insufficient_Weight,272,12.88488867835149
