Nilai K,Akurasi,Precision,Recall,F1-Score
3,0.8014184397163121,0.7978927244833298,0.8014184397163121,0.796866552835297
5,0.7919621749408984,0.7880414923326824,0.7919621749408984,0.785654610532184
7,0.7683215130023641,0.7634473254794917,0.7683215130023641,0.7604043738394302
9,0.7683215130023641,0.7597371304697429,0.7683215130023641,0.7563308272330603
11,0.7588652482269503,0.7498893326508701,0.7588652482269503,0.7460924782366911
