Kondisi Data,Preprocessing Method,K Value,Akurasi,Precision,Recall,F1-Score
Sebelum Preprocessing,No Scaling,5,0.8817966903073287,0.8864303221999056,0.8817966903073287,0.8782219165517657
Sesudah Preprocessing (Best),No Scaling,3,0.8912529550827423,0.8920953309168165,0.8912529550827423,0.8883441723472106
